<?xml version="1.0" encoding="UTF-8" standalone="yes"?>
<addon id="repository.easy" name="Easy repository" version="0.1.0" provider-name="JiRo">
    <extension point="xbmc.addon.repository" name="Easy Repository">
        <dir>
            <info compressed="false">https://raw.githubusercontent.com/jirkoun/repository.easy/master/repo/zips/addons.xml</info>
            <checksum>https://raw.githubusercontent.com/jirkoun/repository.easy/master/repo/zips/addons.xml.md5</checksum>
            <datadir zip="true">https://raw.githubusercontent.com/jirkoun/repository.easy/master/repo/zips/</datadir>
        </dir>
    </extension>
    <extension point="xbmc.addon.metadata">
        <summary>Reasy repository</summary>
        <description>Test of EAsy repository</description>
        <disclaimer></disclaimer>
        <platform>all</platform>
        <assets>
            <icon>icon.png</icon>
            <fanart>fanart.jpg</fanart>
        </assets>
    </extension>
</addon>